<?xml version="1.0" encoding="utf-8"?>
<!DOCTYPE hibernate-mapping PUBLIC "-//Hibernate/Hibernate Mapping DTD 3.0//EN"
"http://hibernate.sourceforge.net/hibernate-mapping-3.0.dtd">
<!-- 
    Mapping file autogenerated by MyEclipse Persistence Tools
-->
<hibernate-mapping>
    <class name="com.dd.model.Daka" table="daka" catalog="dingdong">
        <id name="did" type="java.lang.Integer">
            <column name="did" />
            <generator class="increment"></generator>
        </id>
        <many-to-one name="habit" class="com.dd.model.Habit" fetch="select" lazy="false">
            <column name="hid" not-null="true" />
        </many-to-one>
        <property name="dakadate" type="java.util.Date">
            <column name="dakadate" length="10" />
        </property>
        <property name="content" type="java.lang.String">
            <column name="content" length="65535" />
        </property>
    </class>
</hibernate-mapping>
