<?xml version="1.0" encoding="utf-8"?>
<!DOCTYPE hibernate-mapping PUBLIC "-//Hibernate/Hibernate Mapping DTD 3.0//EN"
"http://hibernate.sourceforge.net/hibernate-mapping-3.0.dtd">
<!-- 
    Mapping file autogenerated by MyEclipse Persistence Tools
-->
<hibernate-mapping>
    <class name="com.dd.model.Habit" table="habit" catalog="dingdong">
        <id name="hid" type="java.lang.Integer">
            <column name="hid" />
            <generator class="increment"></generator>
        </id>
        <property name="hname" type="java.lang.String">
            <column name="hname" length="65535" />
        </property>
        <property name="pic" type="java.lang.String">
            <column name="pic" length="65535" />
        </property>
        <property name="totalNum" type="java.lang.Integer">
            <column name="total_num" />
        </property>
        <property name="finishedNum" type="java.lang.Integer">
            <column name="finished_num" />
        </property>
        <property name="htype" type="java.lang.String">
            <column name="htype" length="65535" />
        </property>
        <property name="fre" type="java.lang.String">
            <column name="fre" length="65535" />
        </property>
        <property name="htext" type="java.lang.String">
            <column name="htext" length="65535" />
        </property>
        <property name="curdays" type="java.lang.Integer">
            <column name="curdays" />
        </property>
        <property name="aimdays" type="java.lang.Integer">
            <column name="aimdays" />
        </property>
        <property name="hvalue" type="java.lang.Integer">
            <column name="hvalue" />
        </property>
        <property name="credate" type="java.util.Date">
            <column name="credate" length="10" />
        </property>
        <set name="dakas" inverse="true">
            <key>
                <column name="hid" not-null="true" />
            </key>
            <one-to-many class="com.dd.model.Daka" />
        </set>
    </class>
</hibernate-mapping>
