<?xml version="1.0" encoding="utf-8"?>
<!DOCTYPE hibernate-mapping PUBLIC "-//Hibernate/Hibernate Mapping DTD 3.0//EN"
"http://hibernate.sourceforge.net/hibernate-mapping-3.0.dtd">
<!-- 
    Mapping file autogenerated by MyEclipse Persistence Tools
-->
<hibernate-mapping>
    <class name="com.dd.model.Reward" table="reward" catalog="dingdong">
        <id name="rid" type="java.lang.Integer">
            <column name="rid" />
            <generator class="increment"></generator>
        </id>
        <many-to-one name="user" class="com.dd.model.User" fetch="select" lazy="false">
            <column name="uid" not-null="true" />
        </many-to-one>
        <property name="rpic" type="java.lang.String">
            <column name="rpic" length="65535" />
        </property>
        <property name="rcontent" type="java.lang.String">
            <column name="rcontent" length="65535" />
        </property>
        <property name="rvalue" type="java.lang.Integer">
            <column name="rvalue" />
        </property>
    </class>
</hibernate-mapping>
