<?xml version="1.0" encoding="utf-8"?>
<!DOCTYPE hibernate-mapping PUBLIC "-//Hibernate/Hibernate Mapping DTD 3.0//EN"
"http://hibernate.sourceforge.net/hibernate-mapping-3.0.dtd">
<!-- 
    Mapping file autogenerated by MyEclipse Persistence Tools
-->
<hibernate-mapping>
    <class name="com.dd.model.User" table="user" catalog="dingdong">
        <id name="uid" type="java.lang.Integer">
            <column name="uid" />
            <generator class="increment"></generator>
        </id>
        <property name="tele" type="java.lang.Integer">
            <column name="tele" not-null="true" />
        </property>
        <property name="uname" type="java.lang.String">
            <column name="uname" length="65535" />
        </property>
        <property name="passwd" type="java.lang.String">
            <column name="passwd" length="15" not-null="true" />
        </property>
        <property name="email" type="java.lang.String">
            <column name="email" length="65535" />
        </property>
        <property name="upic" type="java.lang.String">
            <column name="upic" length="65535" />
        </property>
        <property name="uvalue" type="java.lang.Integer">
            <column name="uvalue" />
        </property>
        <set name="habits" inverse="true">
            <key>
                <column name="uid" />
            </key>
            <one-to-many class="com.dd.model.Habit" />
        </set>
        <set name="rewards" inverse="true">
            <key>
                <column name="uid" not-null="true" />
            </key>
            <one-to-many class="com.dd.model.Reward" />
        </set>
        <set name="rewards_1" inverse="true">
            <key>
                <column name="uid" not-null="true" />
            </key>
            <one-to-many class="com.dd.model.Reward" />
        </set>
    </class>
</hibernate-mapping>
