﻿<?xml version="1.0" encoding="UTF-8" ?>
<!DOCTYPE struts PUBLIC
    "-//Apache Software Foundation//DTD Struts Configuration 2.0//EN"
    "http://struts.apache.org/dtds/struts-2.0.dtd">

<struts>
     
     <constant name="struts.i18n.encoding" value="utf-8"/>
     <constant name="struts.devMode" value="true" />
     <!--Struts2中Action对象的创建交给spring完成-->
     <constant name="struts.objectFactory" value="spring" />   
       
          
	 <package name="dd" namespace="/dd" extends="struts-default">
	        <action name="dd_*" class="habitAction" method="{1}">
	        	<result name="show_habit">/main.jsp</result>
	        	<result name="message">/message.jsp</result>
	          
	        </action>
	        
	        <action name="user_*" class="userAction" method="{1}">
        		<result name="successreg">/succ.jsp</result>
        		<result name="input">/login.jsp</result>
				<result name="success">/succreg.jsp</result>
        	</action>
          
	 </package>
	 
        
	 
</struts>
