<?xml version="1.0" encoding="UTF-8"?>
<!DOCTYPE hibernate-reverse-engineering PUBLIC "-//Hibernate/Hibernate Reverse Engineering DTD 3.0//EN" "http://hibernate.sourceforge.net/hibernate-reverse-engineering-3.0.dtd" >

<hibernate-reverse-engineering>
	<table name="habit" catalog="dingdong" class="com.dd.model.Habit">
		<primary-key>
			<generator class="increment"></generator>
		</primary-key>
	</table>
<table name="user" catalog="dingdong" class="com.dd.model.User">
	<primary-key>
		<generator class="increment"></generator>
	</primary-key>
</table>
</hibernate-reverse-engineering>